{
  "validation_size": 123,
  "accuracy": 0.9512195121951219,
  "precision": 0.9540229885057471,
  "recall": 0.9764705882352941,
  "f1_score": 0.9651162790697675,
  "roc_auc": 0.9780185758513932,
  "confusion_matrix": [
    [
      34,
      4
    ],
    [
      2,
      83
    ]
  ]
}